"","join_email","full_name","email","in_PST","summer_2020","fall_2020","spring_2021","summer_2021","fall_2021","in_treatment","completed_survey","cohort","treatment_group","submit_time","submitted_email","w200_hours","w201_hours","w203_hours","w205_hours","w207_hours","w209_hours","w210_hours","w231_hours","w233_hours","w241_hours","w251_hours","w261_hours","w266_hours","w271_hours","time_requirement","useful_courses","useful_explanation","new_courses","w200_useful","w201_useful","w203_useful","w205_useful","w207_useful","w209_useful","w210_useful","w231_useful","w241_useful","w251_useful","w261_useful","w266_useful","w277_useful","response"
"1","apschlissel@berkeley.edu","Allison Schlissel","apschlissel@ischool.berkeley.edu",1,0,0,1,0,0,0,0,2,0,"11/1/2021 9:42:30","apschlissel@berkeley.edu","0-10","0-10","30+","10-20","10-20","","","",NA,"20-30","","","","","Homework","W200: Introduction to Data Science Programming, W205: Fundamentals of Data Engineering, W207: Applied Machine Learning, W241: Experiments and Causal Inference","Learned/learning applicable skills and best practices","data science/technical management; computer vision",1,0,0,1,1,0,0,0,1,0,0,0,0,1
"2","arisanguyen@berkeley.edu","Arisa Nguyen","arisanguyen@ischool.berkeley.edu",1,0,0,0,0,1,0,0,4,2,"10/31/2021 14:28:04","Arisanguyen@berkeley.edu","10-20","0-10","","","","","","",NA,"","","","","","Homework","W200: Introduction to Data Science Programming","Direct applications to data science and work","",1,0,0,0,0,0,0,0,0,0,0,0,0,1
"3","ben.bluhm@berkeley.edu","Ben Bluhm","ben.bluhm@ischool.berkeley.edu",0,0,0,0,0,1,0,0,4,1,"10/31/2021 19:19:59","ben.bluhm@berkeley.edu","10-20","0-10","","","","","","",NA,"","","","","","Homework","W201: Research Design and Applications for Data and Analysis","New ways of thinking for my approach for research and communication of results","",0,1,0,0,0,0,0,0,0,0,0,0,0,1
"4","bolnerm@berkeley.edu","Michelle Bolner","bolnerm@ischool.berkeley.edu",0,0,0,0,0,1,0,0,4,1,"10/31/2021 20:00:32","bolnerm@berkeley.edu","10-20","0-10","","","","","","",NA,"","","","","","Async Material","W201: Research Design and Applications for Data and Analysis","I originally thought W201 was a gen ed class that I would need to just push through. However, it is exactly the opposite. It has helped my critical thinking skills, my people skills, and my professional skills. I am thinking back to this class all of the time. This class should be turned into a podcast.","",0,1,0,0,0,0,0,0,0,0,0,0,0,1
"5","chris.hiebel@berkeley.edu","Christian Hiebel","chris.hiebel@ischool.berkeley.edu",0,0,1,0,0,0,0,0,1,1,"10/31/2021 15:48:21","chris.hiebel@berkeley.edu","20-30","10-20","30+","0-10","10-20","","","",NA,"10-20","","","","","Homework","W200: Introduction to Data Science Programming, W203: Statistics for Data Science, W207: Applied Machine Learning, W241: Experiments and Causal Inference","Those classes provided a deeper foundation in coding as well as statistics plus some of the concepts from 207 are applicable to my work.","Advanced data engineering",1,0,1,0,1,0,0,0,1,0,0,0,0,1
"6","evanfjeld@berkeley.edu","Evan Fjeld","evanfjeld@ischool.berkeley.edu",1,0,0,0,1,0,0,0,3,1,"11/1/2021 12:27:31","evan.fjeld@berkeley.edu","10-20","0-10","10-20","","","","","",NA,"","","","","","Async Material","W203: Statistics for Data Science","Most challenging new information.","",0,0,1,0,0,0,0,0,0,0,0,0,0,1
"7","hanmaegeo@berkeley.edu","Hannah George","hanmaegeo@ischool.berkeley.edu",0,0,0,0,0,1,0,0,4,0,"10/31/2021 20:43:27","hanmaegeo@berkeley.edu","","10-20","10-20","","","","","",NA,"","","","","","Async Material","W203: Statistics for Data Science","Statistics will provide a great foundation to work off of more in the future","I'd like to see a course specific to time series and forecasting, I realize that there currently is one class that covers the topic, however I have heard from other students that it does not cover the topic satisfactorily",0,0,1,0,0,0,0,0,0,0,0,0,0,1
"8","hannagrossman@berkeley.edu","Hanna Grossman","hannagrossman@ischool.berkeley.edu",1,0,0,0,0,1,0,0,4,1,"10/31/2021 15:29:58","hannagrossman@berkeley.edu","10-20, 20-30","10-20","","","","","","",NA,"","","","","","Projects and Exams","W200: Introduction to Data Science Programming, W201: Research Design and Applications for Data and Analysis","W200 teaches python including OOP, NumPy, and Pandas, all of which are useful in industry. W201 teaches how to communicate results effectively, as well as other aspects of research design, which are also useful in industry. ","",1,1,0,0,0,0,0,0,0,0,0,0,0,1
"9","jaishankar.raju@berkeley.edu","Jaishankar Raju","jaishankar.raju@ischool.berkeley.edu",0,1,0,0,0,0,0,0,0,1,"11/1/2021 6:39:00","jaishankar.raju@berkeley.edu","","","0-10","10-20","0-10","","","",NA,"20-30","20-30","","20-30","","Homework, project work, studying","W203: Statistics for Data Science, W241: Experiments and Causal Inference, W251: Deep Learning in the Cloud and at the Edge","I learned something new","Splitting NLP could be very useful . It’s very important topic but too much has been crammed into it. Also computer vision and a topic on cybercrime would be useful",0,0,1,0,0,0,0,0,1,1,0,0,0,1
"10","job.eliezek@berkeley.edu","Job Eliezek Bangayan","job.eliezek@ischool.berkeley.edu",1,0,0,0,0,1,0,0,4,2,"10/31/2021 14:31:33","job.eliezek@berkeley.edu","","0-10","10-20","","","","","",NA,"","","","","","Studying","W201: Research Design and Applications for Data and Analysis, W203: Statistics for Data Science","These are the only classes I've taken so far but I do believe both classes give a solid foundation for someone who wants to pursue a career in data science.","",0,1,1,0,0,0,0,0,0,0,0,0,0,1
"11","justinetaylor@berkeley.edu","Justine Taylor","justinetaylor@ischool.berkeley.edu",1,1,0,0,0,0,0,0,0,0,"10/31/2021 22:10:54","justinetaylor@berkeley.edu","","0-10","20-30","0-10","10-20","","","",NA,"20-30","","","20-30","","Homework","W203: Statistics for Data Science, W207: Applied Machine Learning, W241: Experiments and Causal Inference","203 provided a strong foundation and set the work/difficulty expectation for the program. 207 is pretty fundamental to data science in my opinion, everyone should know those concepts at least at a high level. 241 is great because it gives you the skills to critically think about, interpret and even challenge studies. Particularly the ones in the news that are over exaggerated or inaccurate. It also covers all of the “what if?” questions that naturally come up when you think of experiments. ","Computer vision and something more SWE related with servers/proto/etc (or include this in 205)",0,0,1,0,1,0,0,0,1,0,0,0,0,1
"12","lcleary@berkeley.edu","Lea Cleary","lcleary@ischool.berkeley.edu",0,0,0,1,0,0,0,0,2,1,"10/31/2021 17:13:49","lcleary@berkeley.edu","0-10","10-20","20-30","0-10","0-10","10-20","","",NA,"","","20-30","20-30","","Homework","W200: Introduction to Data Science Programming, W207: Applied Machine Learning, W261: Machine Learning at Scale","These were the best organized courses in terms of sequence of content, quality of homework and projects assigned, and timeliness of feedback received.  The other classes were too frustrating either because it felt too academic, too disorganized, or not enough timely feedback was given throughout the term.","A project management class that teaches how to run a data science project from end to end.  I know RDADA was supposed to do some of that, but it was too philosophical and academic about it.  I mean hands-on.  Before starting MIDS, I took a 16-week data science development program from my previous employer taught by the data scientists in that company, and the first thing they taught us was what a data science project looks like from end to end.  In almost every group project I’ve done in MIDS, it’s painfully obvious that my group mates did not know how to actually execute such a process - especially data wrangling and cleaning, which is arguably the most crucial step (although also the least romantic).  In my opinion, there should be a class where you spend the first few weeks on data cleaning techniques alone.",1,0,0,0,1,0,0,0,0,0,1,0,0,1
"13","mkarch@berkeley.edu","Mitchell Karchemsky","mkarch@ischool.berkeley.edu",1,0,0,1,0,0,0,0,2,2,"11/1/2021 13:13:50","mkarch@berkeley.edu","10-20","10-20","30+","10-20","20-30","","","",NA,"","30+","","","","Studying","W203: Statistics for Data Science, W207: Applied Machine Learning, W251: Deep Learning in the Cloud and at the Edge","203 is super dense material that i was forced to learn a lot in a way which i wasn't really enjoying for a class that i'm paying a heavy sum for. It brought a lot of battlescars and i applaud the instructions staff (alex mostly) for doing their best in improving the material. The material was quite disjoint from the asyncs and the class sync material; so while it was super useful it took a lot of pain to get through the work and learn it. 

251 continues to be a similar tone where i'm forced to learn by myself as opposed to hopefully getting a more guided walk through and understand why is it that things are happening. While this is useful because now i have a deeper understanding of the material, i was forced to learn it by myself and through lots of pain and battle scars. It also hurts that a lot of the problems are not related to the material (setting up the datasets, getting networking on ec2 to work properly without *any* guides) and the sync sessions aren't terribly helpful either. USEFUL insofar as that i'm really forced to learn how/what i'm doing but really painfully","Computer vision, robotics, more edge/robotics",0,0,1,0,1,0,0,0,0,1,0,0,0,1
"14","mpugel@berkeley.edu","Mikayla Pugel","mpugel@ischool.berkeley.edu",0,0,1,0,0,0,0,0,1,2,"11/1/2021 11:23:42","mpugel@berkeley.edu","10-20","0-10","10-20","0-10","10-20","0-10","","0-10",NA,"","","","","20-30","Homework","W200: Introduction to Data Science Programming, W207: Applied Machine Learning, W231: Behind the Data: Humans and Values, W271: Statistical Methods for Discrete Response, Time Series, and Panel Data","200 and 207 really taught me the most common and powerful tools for any data science job,  they are definitely the most applicable. W271 showed me a lot of practical ways to use statistics and even though the class went very fast and I'm sure I didn't obtain a ton of detail on each aspect, it showed me maybe where to start on a project and then I can learn and practice the detail when I project like that comes up at work. W231 showed me the most difficult part of data, and that is the political and legal side of it, because if we cannot get the data then nothing can be done with the data. And we have to make sure that this process in ethical and legal. ","I don't think this would be enough to make a class but a class on how data science all comes together. Like from the creating the data pipeline to creating the model and creating a dashboard. Maybe this is all covered in the capstone, I just havent taken that class yet. ",1,0,0,0,1,0,0,1,0,0,0,0,0,1
"15","nankli@berkeley.edu","Nan Li","nankli@ischool.berkeley.edu",1,0,0,0,0,1,0,0,4,2,"11/1/2021 10:32:08","nankli@berkeley.edu","10-20","0-10","","","","","","",NA,"","","","","","Homework","W200: Introduction to Data Science Programming","Practical","",1,0,0,0,0,0,0,0,0,0,0,0,0,1
"16","nikhil.cpk@berkeley.edu","Nikhil PrasannaKumar","nikhil.cpk@ischool.berkeley.edu",0,0,0,1,0,0,0,0,2,1,"10/31/2021 22:41:55","nikhil.cpk@berkeley.edu","10-20","0-10","10-20","0-10","","","","",NA,"","","","","","Studying","W200: Introduction to Data Science Programming, W201: Research Design and Applications for Data and Analysis, W203: Statistics for Data Science, W205: Fundamentals of Data Engineering","I am new Object Oriented Programming so Python was really useful to get onboard to OOP. 
RDADA was a great introduction to research and how to approach it
Data Engineering was a great introduction to tools like docker, Spark, Presto etc and how to build Data Pipeline
Statistics was great interms of developing probabilistic reasoning and Ofcourse introduction to OLS Regression","Computer Vision",1,1,1,1,0,0,0,0,0,0,0,0,0,1
"17","nojedam@berkeley.edu","Natali Ojeda Meneses","nojedam@ischool.berkeley.edu",0,0,1,0,0,0,0,0,1,1,"10/31/2021 14:26:51","nojedam@berkeley.edu","30+","10-20","10-20","0-10","10-20","","","",NA,"30+","","","","","Homework","W200: Introduction to Data Science Programming, W203: Statistics for Data Science, W207: Applied Machine Learning, W241: Experiments and Causal Inference","The classes i found more useful taught me the foundations for the rest of the classes.","",1,0,1,0,1,0,0,0,1,0,0,0,0,1
"18","oren.carmeli@berkeley.edu","Oren Carmeli","oren.carmeli@ischool.berkeley.edu",1,0,0,0,1,0,0,0,3,0,"11/1/2021 12:05:02","oren.carmeli@berkeley.edu","10-20","10-20","20-30","0-10","","","","",NA,"","","","","","Homework","W200: Introduction to Data Science Programming, W203: Statistics for Data Science","Those were the classes where I've left with very concrete skills that i can apply (i.e python coding / stronger foundation of statistics knowledge).

The data engineering class felt a little too far removed my work. The RDATA course was good, but feel like it is easy to not fully take in the material.","",1,0,1,0,0,0,0,0,0,0,0,0,0,1
"19","paul590@berkeley.edu","Paul Arellano","paul590@ischool.berkeley.edu",0,0,0,0,0,1,0,0,4,1,"10/31/2021 15:25:58","paul590@berkeley.edu","0-10","10-20","","","","","","",NA,"","","","","","Readings","W200: Introduction to Data Science Programming, W201: Research Design and Applications for Data and Analysis","Great material and excellent way to prepare you for the MIDS program.","",1,1,0,0,0,0,0,0,0,0,0,0,0,1
"20","rexpan@berkeley.edu","Rex Pan","rexpan@ischool.berkeley.edu",1,0,0,0,1,0,0,0,3,1,"11/1/2021 6:43:24","rexpan@berkeley.edu","10-20","0-10","10-20","","","","","",NA,"","","","","","Homework","W200: Introduction to Data Science Programming, W201: Research Design and Applications for Data and Analysis, W203: Statistics for Data Science","The social science part from w201 is insightful. Never used python or R language so w200 and w203 is great.","Course about machine learning with artificial intelligence",1,1,1,0,0,0,0,0,0,0,0,0,0,1
"21","richard.robbins@berkeley.edu","Richard Robbins","richard.robbins@ischool.berkeley.edu",0,0,0,0,0,1,0,0,4,0,"11/1/2021 15:53:25","richard.robbins@berkeley.edu","10-20","10-20","","","","","","",NA,"","","","","","Async Material","W201: Research Design and Applications for Data and Analysis","I learned new things and was forced to get out of my comfort zone.","",0,1,0,0,0,0,0,0,0,0,0,0,0,1
"22","ruminakagawa@berkeley.edu","Rumi Nakagawa","ruminakagawa@ischool.berkeley.edu",0,0,0,1,0,0,0,0,2,1,"10/31/2021 20:32:18","ruminakagawa@berkeley.edu","30+","10-20","30+","20-30","20-30","","","",NA,"","","","","","Homework","W200: Introduction to Data Science Programming, W203: Statistics for Data Science","W200 was the best course. Rich async contents and lots of work on assignment and project. It was lots of work but I could train a lot about python. W203 was great in terms of rich async content till week6. After week6 was not organized.","Generative model, voice recognition ",1,0,1,0,0,0,0,0,0,0,0,0,0,1
"23","scabanela@berkeley.edu","Stephanie Cabanela","scabanela@ischool.berkeley.edu",1,0,0,0,0,1,0,0,4,1,"10/31/2021 17:58:18","scabanela@berkeley.edu","","20-30","20-30","","","","","",NA,"","","","","","Homework","W201: Research Design and Applications for Data and Analysis, W203: Statistics for Data Science","I've only taken two classes so far. I think research design will be important for future jobs. Although I might not use statistics directly in future jobs, I feel that understanding it will help me in building better models.","",0,1,1,0,0,0,0,0,0,0,0,0,0,1
"24","shahkb@berkeley.edu","Kishan S","shahkb@ischool.berkeley.edu",1,0,0,1,0,0,0,0,2,0,"11/1/2021 14:36:02","shahkb@berkeley.edu","","10-20","10-20","20-30","10-20","","","",NA,"","","30+","20-30","","Homework","W201: Research Design and Applications for Data and Analysis, W203: Statistics for Data Science, W205: Fundamentals of Data Engineering, W261: Machine Learning at Scale, W266: Natural Language Processing with Deep Learning","Some are foundational (W203) with amazing instructors (W201), while others are state-of-the-art,  and sought after industry skill (W205) and challenging (W261). And some are simply thought provoking and extremely valuable (W266)","Our courses cover the foundation of data science (Probability & Statistics, Linear Algebra, Programming). However, there is one pillar of study that deserves more attention in our program: Optimization. It is the backbone of every machine learning algorithm, but gets mentioned only in passing and hardly ever written down.",0,1,1,1,0,0,0,0,0,0,1,1,0,1
"25","t6kuruvilla@berkeley.edu","Theresa Kuruvilla","t6kuruvilla@ischool.berkeley.edu",1,0,0,0,1,0,0,0,3,0,"11/1/2021 12:50:06","t6kuruvilla@berkeley.edu","20-30","10-20","20-30","0-10","","","","",NA,"","","","","","Homework","W200: Introduction to Data Science Programming, W201: Research Design and Applications for Data and Analysis, W203: Statistics for Data Science, W205: Fundamentals of Data Engineering","I learned something new","How to present data interpretation to business , C level, board etc",1,1,1,1,0,0,0,0,0,0,0,0,0,1
"26","trevor.dalton@berkeley.edu","Trevor Dalton","trevor.dalton@ischool.berkeley.edu",0,0,0,0,0,1,0,0,4,0,"10/31/2021 14:26:37","trevor.dalton@berkeley.edu","","0-10","10-20","","","","","",NA,"","","","","","Homework","W201: Research Design and Applications for Data and Analysis, W203: Statistics for Data Science","They both felt useful for their own purposes. I really enjoyed them both. Data science requires a good foundation of both of these subjects.","Bayesian statistics.",0,1,1,0,0,0,0,0,0,0,0,0,0,1
